benchmark,mean_ns,mean_us,mean_ms,min_ns,max_ns,iterations
plot_10_points,10985.66389348157,10.985663893481568,0.01098566389348157,9999.959729611874,159000.04655122757,180000
plot_100_points,19714831.24943916,19714.83124943916,19.71483124943916,19033999.99719113,20757999.969646335,80
plot_1000_points,957177.4999785727,957.1774999785728,0.9571774999785727,922000.0356435776,1213000.0395700336,2000
