benchmark,mean_ns,mean_us,mean_ms,min_ns,max_ns,iterations
plot_10_points,10783.013882562745,10.783013882562745,0.010783013882562746,9999.959729611874,100000.06295740604,180000
plot_100_points,19680099.99982313,19680.09999982313,19.68009999982313,18961000.023409724,20683999.988250434,80
plot_1000_points,953255.0000003522,953.2550000003522,0.9532550000003521,916999.9975711107,1216000.0624135137,2000
plot_with_config,48973.33748957261,48.97333748957261,0.04897333748957261,46999.892219901085,156999.914906919,40000
plot_with_colors,199812.5499871239,199.8125499871239,0.1998125499871239,193999.96381253004,625999.9936446548,10000
plot_sine_wave_120pts,79612.92505203673,79.61292505203673,0.07961292505203674,75999.99662488699,308000.01695752144,20000
