benchmark,mean_ns,mean_us,mean_ms,min_ns,max_ns,iterations
plot_10_points,10783.013882562745,10.783013882562745,0.010783013882562746,9999.959729611874,100000.06295740604,180000
