benchmark,mean_ns,mean_us,mean_ms,min_ns,max_ns,iterations
plot_10_points,10783.013882562745,10.783013882562745,0.010783013882562746,9999.959729611874,100000.06295740604,180000
plot_100_points,19680099.99982313,19680.09999982313,19.68009999982313,18961000.023409724,20683999.988250434,80
plot_1000_points,953255.0000003522,953.2550000003522,0.9532550000003521,916999.9975711107,1216000.0624135137,2000
