benchmark,mean_ns,mean_us,mean_ms,min_ns,max_ns,iterations
mojo_10_points,7389.241665563378,7.389241665563378,0.007389241665563378,6999.9368861317635,77000.00423938036,120000
mojo_100_points,107759.87495434532,107.75987495434532,0.10775987495434532,103999.9770000577,220999.93657320738,8000
mojo_1000_points,4594572.500209322,4594.572500209322,4.594572500209322,4298000.014387071,5678000.045008957,200
python_10_points,31886.824956749988,31.886824956749987,0.031886824956749986,29999.995604157448,148999.97040629387,20000
python_100_points,262692.7498204161,262.6927498204161,0.26269274982041607,254999.9626353383,390999.9504685402,2000
python_1000_points,6531053.571130282,6531.053571130282,6.531053571130283,6243000.039830804,7142000.016756356,140
